<?xml version="1.0" encoding="UTF-8"?>
<metadata xml:lang="en"><Esri><CreaDate>20180702</CreaDate><CreaTime>17552400</CreaTime><ArcGISFormat>1.0</ArcGISFormat><SyncOnce>TRUE</SyncOnce><DataProperties><itemProps><itemLocation><linkage Sync="TRUE">file://\\REACH-NIGERIA\C$\Users\Milan\Documents\Impact_GIS\02_MSNA_2018\Global_Data_Analysis_Team\MSNA_Global_GIS\inputs_global\csvs_input\spatial_pie_chart_data\mapped_pie_charts_mc_select1_input.csv</linkage><protocol Sync="TRUE">Local Area Network</protocol></itemLocation></itemProps><copyHistory><copy source="C:\Users\Milan\Documents\Impact_GIS\02_MSNA_2018\Global_Data_Analysis_Team\MSNA_Global_GIS\inputs_global\csvs_input\mapped_pie_charts_mc_select1_input.csv" dest="\\REACH-NIGERIA\C$\Users\Milan\Documents\Impact_GIS\02_MSNA_2018\Global_Data_Analysis_Team\MSNA_Global_GIS\inputs_global\csvs_input\spatial_pie_chart_data\mapped_pie_charts_mc_select1_input.csv" date="20180702" time="17552400"></copy></copyHistory></DataProperties></Esri></metadata>
